url,quality,date,chunk_list
https://www.youtube.com/watch?v=zQoN-0xPlR4,1080,20240714225806,739572/255442/337082/210538/364032/441443/469535/305179/585373/275527/313908/337413/780421/853010/468017/270347/87757/290853/290171/256250/231375/167653/226955/187539/97314/225311/106003/244524/61337/238332/82455/195157/88213/257564/125383/321696/281732/168484/275835/136767/319777/330559/86138/94169/254585/252629/125691/189560/224581/147371/242805/115041/278614/164132/203879/150319/258939/132375
https://www.youtube.com/watch?v=PXeZ2xfeZ_w,1080,20240714230328,508872/363217/128868/422515/305975/425297/79602/266907/264583/260673/287004/289243/294597/279155/67451/280299/69986/440799/276495/277240/268912/244129/183289/76125/211008/72924/984/213564/86998/213382/66809/213080/82850/222310/219868/68125/65991/221143/216679/60834/198770/68185/202157/69653/212947/83662/191007/73123/206293/72388/236969/72124/211630/72095/237472/76951/220136/208231/76193/205224/64541
https://www.youtube.com/watch?v=AC3_w2WMatM,1080,20240714230849,547851/441316/67480/415613/405583/456963/417090/816647/303123/357738/582717/412584/270475/238407/485180/427785/348845/493534/862782/441523/251690/109674/207607/204089/155103/297768/99737/288636/114391/231057/58005/203188/259265/352309/130241/263363/85700/194531/84826/226229/60080/218365/150609/313763/167786/301801/167315/256587/243154/156198/164158/309165/330908/92645/303974/124287/305497/56759
https://www.youtube.com/watch?v=qztpL2zzmGo,1080,20240714231413,618326/430599/331064/304745/299844/299568/304039/311604/295041/305172/236470/282710/337734/310747/335088/437901/94556/234647/309454/312878/239617/105083/252805/221437/88839/227538/97938/235757/241708/85482/232622/84895/206078/112323/229011/94480/256349/63633/246667/223994/60484/233698/67549/209451/107278/235631/103366/237624/209578/99940/222798/96769/221276/94798/231240/226570/102407/219838
https://www.youtube.com/watch?v=94YupzWVnvQ,1080,20240714231941,811698/449451/537382/463618/141549/533154/421688/374675/461027/432816/317558/152820/614267/344831/275049/291113/348662/379143/624959/569285/482972/247633/285982/307746/387730/400109/253508/305537/229833/366268/289972/318146/115785/414430/203222/415083/285611/347399/249678/377600/412033/182177/270220/140905/276745/386056/411846/88791/233925/273743/351717/149331/363794/105944/355022/170757/342639/361983
https://www.youtube.com/watch?v=nrj9Zy_nGJM,1080,20240714232507,650492/377345/309468/387622/338587/325142/474636/314133/327084/309828/323762/329147/297427/307181/236142/94269/545719/339096/105747/452125/318052/84283/232372/98690/221602/100513/240870/218545/101344/235211/79815/229375/73061/237776/93115/237244/242281/85930/231263/95767/236209/60304/245815/90665/253247/218205/92810/218615/94425/214067/97658/223199/92721/241189/104057/236525
https://www.youtube.com/watch?v=NXWJ-57Pb1s,1080,20240714233030,894846/618385/404681/430450/409034/290579/353126/746548/403996/465105/432500/308797/598816/383816/283050/412878/210801/579898/161829/308092/368541/412343/315206/177864/277422/70271/195605/104980/216325/162414/289505/275020/146007/310392/152071/297832/253309/100780/201323/339489/321123/216440/325456/260933/169830/327590/173028/346394/234287/84518/221124/62433/225452/134051/304602/157746/325161
https://www.youtube.com/watch?v=FMn6ON2h0yE,1080,20240714233556,583173/525946/314027/265081/54232/293634/468657/393438/335416/529075/366766/348581/303414/293795/210862/104421/674609/340756/302146/354080/327471/336792/388018/273141/82444/248672/94415/176811/207536/87836/216314/99456/287275/145268/196577/104622/273663/299432/146688/294254/140914/221527/168985/230060/85831/353740/133425/338078/173951/246942/221781/74103/113716/210993/94130/213897/230033/97387
https://www.youtube.com/watch?v=Dp-gd4zoBZg,1080,20240714234120,650241/439494/318973/321615/344924/559195/313453/230561/330259/348196/302949/340939/380272/247040/71234/345686/477725/318990/402187/313261/242707/103644/227544/240532/90774/218771/75395/248346/67474/233561/77268/238138/62725/213030/80325/243274/76982/241664/97756/229333/109739/236384/225050/106866/234752/70968/245169/95174/218025/83768/241616/64909/222388/104635/248977/236717/76947/217549
https://www.youtube.com/watch?v=lXwWElLgmzU,1080,20240714234645,784042/556634/401057/420084/429754/426041/582327/138909/415101/376868/278216/130663/552109/285434/560439/440037/417335/477347/424563/446234/471446/286039/185989/302957/166693/302753/180160/287664/288369/175991/281701/156191/300382/155036/286229/169163/287457/153026/318032/292530/168634/306365/154408/290210/176506/286864/151062/313846/297430/160845/311613/164555/298161/178077/293254/156231/298578
https://www.youtube.com/watch?v=IDTh1LwsF3M,1080,20240714235207,576708/454336/375720/283537/280919/171123/524251/220625/507050/271017/272747/320034/481178/166170/786285/648626/468804/334523/169203/625915/487495/345805/97881/126316/332203/313835/131801/403001/313082/141918/225379/201037/107710/199247/80726/263219/195665/277002/113690/222995/108543/199354/75794/208328/190834/76099/210848/69904/192817/198408/62165/193193/40533/240627/70803/224467/84080
https://www.youtube.com/watch?v=2JV957UzN6Y,1080,20240714235729,658951/511881/377192/377549/400127/369902/383334/374374/364415/390784/374394/394719/382139/380864/384410/385297/386020/364400/390077/374437/390869/380482/90471/210060/101423/240737/102782/239675/108303/243482/112205/239246/103375/239283/98820/241555/103142/252653/103902/238680/116272/241601/103935/242361/105942/241901/108005/294020/128271/350935/156243/315619/187156/325297/151211/326652/225907/230107/98280/270931/140034/277354
https://www.youtube.com/watch?v=rrD_SJf0eIo,1080,20240715000256,812116/271558/246317/228749/72810/100450/828521/432725/462777/577179/472108/705642/390298/298957/206589/541183/62805/65478/683329/473142/467378/317435/284089/107431/241642/154238/128646/173036/80396/173221/102491/83378/378959/422351/254098/382054/273485/138719/199188/391033/362296/242155/441297/250769/394552/314374/346602/208138/329922/56354/169066/181099/333891/332668/449140/332907/283740/166806/481415/291738
https://www.youtube.com/watch?v=w9E04EfdDAQ,1080,20240715000817,611298/389754/195338/529168/319836/246880/238862/158178/337399/536212/436744/475841/321519/416710/558741/324261/247785/310932/300351/242465/93936/248117/103706/225480/96032/254652/71973/244432/80430/240156/58606/252072/98001/262708/246015/76637/234407/68096/195121/126246/240452/96021/241740/77598/243309/229931/112712/233995/97872/224246/77338/238783/208704/103772/102472/239880
https://www.youtube.com/watch?v=OrQI3adxguo,1080,20240715001339,503177/349445/126582/422381/278735/260067/264120/279840/289938/411804/255556/266865/261031/258310/68653/66925/404542/88704/268279/280951/411240/270642/68994/197352/48097/77020/202218/212891/58944/69171/219391/212771/61329/215361/76208/207484/80697/230875/187804/77991/218905/59734/217555/74264/225710/57199/213291/65619/221962/225527/82380/210468/65281/215822/199994/66610/59136/214711/69457
https://www.youtube.com/watch?v=02PJ_EaCCes,1080,20240715001913,808624/445329/608642/482629/428231/319447/274596/1039847/1009178/834164/338932/272802/244671/283757/104912/271420/345251/112053/468186/152223/273916/276695/184515/277848/143227/319750/79234/273901/108875/309192/105116/305096/141707/264336/149723/303972/284909/302698/168998/246352/133013/285507/186601/296427/132848/298384/337489/163974/292619/101932/241185/114807/168292/94545/111794/225189/320786/97228
https://www.youtube.com/watch?v=riHefyTb5GI,1080,20240715002505,510616/141933/274652/285540/255518/219792/270185/271451/44235/217144/200949/60014/270912/58935/432463/69002/436231/289769/265091/276759/394451/82604/326711/215885/57147/208709/260800/54656/201332/69642/201877/272609/78033/214941/219128/60927/218097/211223/83021/202435/216217/82671/212832/197061/78995/187764/84070/220878/86035/207621/52731/213714/64900/214669/208488/58121/216166/75431
https://www.youtube.com/watch?v=uBGzRHrwXkI,1080,20240715003051,686919/416419/296518/368124/334129/346946/249541/145228/379770/354248/326469/306554/307720/380697/369516/307231/309702/368604/653316/310693/74352/270317/225337/50833/171882/133791/285296/30213/161776/55490/239352/224038/109374/229325/78879/102644/266589/259814/90838/236382/145107/222185/280812/133679/216982/236931/154512/237700/37884/273960/262594/36262/211254/77751/241654/72365
https://www.youtube.com/watch?v=2d7TBuykZFA,1080,20240715003613,684855/320155/456240/319123/307807/106585/512433/317634/426627/108246/242485/167905/439849/311454/309908/312401/403620/515596/345247/314507/229069/104675/248691/260524/93633/241539/79417/217230/91681/227431/84719/251176/98063/235814/82379/254843/69760/118203/236443/241432/121572/243773/237861/90793/242689/96375/223963/73680/238455/83302/246564/96035/243342/89978/233324/239157/101759
https://www.youtube.com/watch?v=HqnnpffgmCI,1080,20240715004136,483024/249273/256410/322489/317091/227462/83565/461712/47426/475283/47601/324891/254605/279414/264644/300020/378560/112069/476914/482078/263036/85006/288212/293448/318498/155212/304027/288631/149701/312826/267506/167654/274063/65441/209756/190722/257181/246199/44326/68274/202933/46080/160305/77232/172266/117595/198576/76285/176893/42669/86154/178535/159058/31211/150449/275239/228985/147176/304916/105476
https://www.youtube.com/watch?v=ozHD0Hlu3ao,1080,20240715004658,655191/500104/129647/237197/347586/364999/364838/355144/348092/239401/102249/343852/358776/388123/358531/364868/262801/100543/364035/373979/357185/364536/355329/361523/364958/110231/264867/113570/249304/113961/241698/108483/254986/115890/247769/113356/266136/114874/249583/115099/263353/106522/244266/109848/243803/110901/260347/109141/251590/106039/245016/112963/251392/114355/266536/111965/248789/111668/267807/114462/244943/126724/233688/108986
https://www.youtube.com/watch?v=2mATfpVGdk4,1080,20240715005223,666758/458003/429075/298000/269464/267459/494137/332413/347652/364874/196594/49603/333827/257202/316497/505191/358513/329529/224313/91961/42260/237859/53217/307085/59064/285024/122416/302944/103730/214690/134539/224359/179728/354328/274307/150031/269562/314279/162789/374252/356305/108489/239558/299857/92505/279801/178884/265319/151692/275478/161834/183674/246091/313816/131057/212785/61471/179142
https://www.youtube.com/watch?v=sUJq717QFw8,1080,20240715005750,667442/305999/512364/330009/352663/400621/389690/284518/569149/337199/108890/350547/418409/350756/398940/281179/217815/455528/433608/221048/337642/659893/301246/293619/411197/240331/317541/255148/65689/188138/65450/176989/31682/194997/61972/224833/89429/201941/192376/75529/206942/93592/230208/65284/344557/334820/196512/451183/114615/277266/98121/392879/93981/227981/89698/301949/74369/513830/74417/427569/165397
https://www.youtube.com/watch?v=zgZthxvQxy0,1080,20240715010312,522788/139751/255936/70828/268404/205524/203993/69464/65008/417184/273041/270872/260701/211156/283987/208584/79664/199390/260878/271291/303638/212003/67242/281695/267196/356339/68388/76629/226354/207368/70088/80878/218039/211429/84027/221274/63544/234740/208024/76404/79344/226155/74319/219618/223929/81394/222167/75843/211945/81467/228429/209935/78407/102706/211404/214933/61134/75821/226048/231091/77930/214615/64837
https://www.youtube.com/watch?v=7rsitfaEsBQ,1080,20240715010925,545720/254386/558355/270013/245188/363409/577988/273087/259034/268667/38752/267987/119561/477263/634776/456328/654988/363692/87252/332159/365451/322941/302715/128309/362315/176478/254632/328107/104505/339302/180022/350885/163425/330470/263260/146395/144934/275941/136075/311037/271951/161005/325973/162728/335251/316757/104736/213924/82038/230498/233340/136034/352467/174711/359605/83657
https://www.youtube.com/watch?v=8IjaIf3WqtY,1080,20240715011446,751126/415054/145982/368165/393963/394895/404258/392107/378958/404546/529011/281425/530440/282490/528317/419028/405600/123150/534887/249105/522302/123952/271028/127999/263873/127782/285802/118902/263896/120679/251395/139003/263919/260122/146990/256109/127216/274147/124456/262982/156249/249582/120893/261096/140250/261562/126561/269631/258848/124925/256210/144398/248900/138407/259698/124043/260936/125021/249797/137217
https://www.youtube.com/watch?v=IST-mxC8XUM,1080,20240715012011,907635/324457/189031/649461/427216/474277/618864/767646/502002/442459/398799/398766/499997/347387/129105/198744/625802/158728/591368/285789/200299/390498/554729/166936/158277/271444/266078/107619/238962/89598/338841/127081/319044/260102/130743/286153/170582/256898/151784/264783/172418/302989/163047/61458/231700/90792/268793/201363/314016/174982/236097/108642/221235/183444/129495/227060/101853/180176/225893/177961
https://www.youtube.com/watch?v=9ZQc0VKYsHk,1080,20240715012537,620301/248797/233479/338728/339246/242617/104222/563167/419874/507116/388470/244705/95508/353660/339391/494572/341767/338321/364804/606050/235633/226150/32210/199644/109867/227590/68543/199843/109856/229629/93125/206628/65406/97615/207293/221652/92512/214313/91068/101899/245360/249031/234222/73210/224254/72620/230085/57664/98642/209867/224187/60258/225518/80149/242581/98700/239271
https://www.youtube.com/watch?v=j4fUQzC7Yh4,1080,20240715013058,777732/509731/267319/244134/255931/225349/617345/389393/148992/567532/628127/354767/281827/430584/531452/542685/401420/295562/174313/234707/171760/189603/262840/305166/101772/147701/232715/249714/121709/205967/247848/84904/270569/120102/258144/105090/278232/98528/265027/203640/54467/70942/166742/87589/184453/113250/184829/114469/210736/219993/108664/229831/220972/97745/179270/111421/204280
https://www.youtube.com/watch?v=UF8oYM-vn-0,1080,20240715013628,703043/515005/356681/378812/117168/259021/368767/118500/1005/895701/224435/362064/379653/388372/359389/372293/243825/380001/380985/385450/110914/383343/368671/353920/261161/120591/250953/120475/273418/117608/250124/121307/245287/119842/253749/130070/255028/121645/254664/122274/273420/117847/252188/114947/244811/113447/248109/129097/250336/114075/248765/108670/245989/119636/255058/118168/255748/119591/270376/119722/253541/120963/279233
https://www.youtube.com/watch?v=icUx5JNAETo,1080,20240715014150,441482/300258/203851/305632/97566/555669/105305/250125/470698/274040/521610/284304/167961/371944/273580/166710/453084/504201/295878/489832/308953/473450/456576/378074/298620/185095/215693/130737/254911/112506/246416/250122/143376/265290/261894/114001/281465/240068/150366/261919/159196/265704/328177/171642/247910/152259/218683/291771/156021/267525/260499/150642/316005/302550/156601/298816
https://www.youtube.com/watch?v=oL8nyGdDytU,1080,20240715014717,717123/537036/990/125685/386376/284759/366772/139706/906659/896750/493870/916690/868623/468075/884869/917741/487910/253706/118443/255831/115698/251625/117193/268573/116091/256810/115211/280254/119901/255025/119735/283991/119451/251737/129249/259724/120106/254966/123914/262682/120725/257239/134337/251635/116887/253505/137530/258551/118325/250935/113614/248703/117776
https://www.youtube.com/watch?v=yoi7BUFOlGg,1080,20240715015308,672108/623360/388032/376554/628048/341192/306433/358099/363420/553584/563359/389640/700601/552546/652608/759625/153467/699667/165382/342392/172236/288940/93851/333757/266296/151296/296849/106745/290969/96229/310810/109799/243040/92558/127275/235212/114091/273501/135095/259086/110483/180606/167250/268006/295481/211615/297851/225390/260416/248134/127118/242107/109463/195794/189283/278343/206034
https://www.youtube.com/watch?v=WX6ztCWKUYM,1080,20240715015831,705234/449772/300735/96879/550497/585152/361559/318427/493161/317852/238289/169444/315203/250373/235099/165320/469246/318780/324428/310994/243836/78325/224335/97011/241358/56754/123859/239699/223780/94468/257644/90669/263285/218391/108006/70778/251197/204706/98685/210858/103769/109114/248208/245104/88458/245113/264647/76607/240352/116702/225502/99152/248606/202633/89281/90717/234142
https://www.youtube.com/watch?v=HteZJ3wse6M,1080,20240715020353,1055216/533579/491480/424694/249012/33801/252618/192073/362682/415827/282939/140492/622325/634984/144843/286628/380958/304799/377546/203382/590255/563391/274809/367260/155548/283048/175055/377291/306486/115845/275556/119784/283769/225127/143594/248385/143444/203016/101504/92787/234973/233656/89756/218859/78290/166979/67000/199900/188161/48220/182981/39528/165546/166428/61056/151285/45381/187366/71654/277252
https://www.youtube.com/watch?v=tpfLdIX4tug,1080,20240715020918,621930/474861/324931/98018/452794/227924/108617/429500/501082/241734/89019/339733/493097/369493/280906/332299/317557/309968/332503/318079/303713/222037/115500/238774/116023/235050/95187/237813/221175/85331/224375/66822/247779/64104/232806/76885/85188/258254/209211/85772/74469/242046/200699/104572/229357/83237/230059/67283/69567/242449/223483/96168/217296/97436/80899/235384/63196/247033/90845/268212/226443
https://www.youtube.com/watch?v=YK3KOPrOHUk,1080,20240715021443,816059/554147/435575/393540/364824/436380/327153/227639/291004/280993/243655/390633/266971/279947/534820/831987/589410/284074/287311/350440/412070/65523/313264/72255/350153/269609/139703/242874/273855/277754/108656/177745/132398/209527/173585/276741/156704/263664/237947/52735/458981/176520/283610/94576/204958/45041/209224/172724/328884/310359/151965/332580/211483/169078/263575/159543/282574
https://www.youtube.com/watch?v=AhTpHslTMDw,1080,20240715022008,674620/481807/309357/245037/321353/358530/323182/237460/265988/110948/250389/326247/339093/303003/316457/308576/312531/241897/104836/467633/163827/518502/238433/86881/219571/85692/241672/105448/227358/207402/101551/215521/102236/81342/240456/238316/105560/251615/233576/95924/247147/81672/244473/200751/101382/232269/98909/257911/248570/67423/183099/338160/200083/454859/269291/118617/255964/235451
https://www.youtube.com/watch?v=DBU4zmr7fX4,1080,20240715022532,861893/255763/492725/484425/258676/408351/531931/561174/534074/490832/500425/369482/455611/450728/437390/405094/457213/345281/412300/72022/181270/76604/199982/94831/313667/283290/122140/411817/166202/352631/286418/125803/214799/79257/117286/270336/344413/210144/378594/191697/390664/424524/90534/306261/94919/219176/217354/110245/341435/55656/336355/120797/297552/287235/73900/136182/248984/244821/317162
https://www.youtube.com/watch?v=YhWIjl_ToQU,1080,20240715023058,754124/537234/397338/410990/382516/386184/385986/383891/375250/391250/366512/381326/126012/392645/376142/384945/377249/379592/394869/386924/396878/262837/374514/124952/277412/123661/258568/131002/257402/122695/265551/117469/252200/116066/252127/124711/249017/123263/263212/125783/254290/124249/250784/115474/259728/118404/248925/132289/258141/126005/268687/122602/256318/130824/252735/118794/270459/120722/254336/133573/247139/124040
https://www.youtube.com/watch?v=SF40y-fvVFQ,1080,20240715023620,767672/279322/422053/424750/453600/292372/39110/364002/247802/270105/322808/306026/431597/530004/540094/438311/463356/323362/280387/127198/602662/384946/208547/733044/224133/262463/110636/146811/216996/215194/103813/261371/196974/67408/294636/136636/267251/166646/223253/152189/252912/253194/94425/309957/147334/297281/113867/288168/159711/295640/275514/98600/124372/290624/161034/282531/176940/228189/174410/275222
https://www.youtube.com/watch?v=M6goFM9ZXwk,1080,20240715024142,1262877/720618/472158/544869/338632/351744/666715/374528/761232/768586/853834/664783/553987/535483/511874/506972/565731/602357/689710/692555/593411/415285/268084/439864/214762/376146/242066/381394/183196/334371/306378/371222/389864/224922/351246/272003/396097/289440/367354/236247/372842/192198/329761/199794/318274/182868/309151/174531/323696/237853/354112/175900/343061/187942/344688/192548/360225/298572/363708/366317
https://www.youtube.com/watch?v=wpjc1cH4f0M,1080,20240715024708,676822/398388/114891/365500/579766/446926/473211/359609/338456/253940/80756/333168/347066/474461/80279/218665/110066/260191/113115/507874/326903/354825/221815/111633/278072/106739/230511/230382/96151/202093/131452/248848/82018/259636/246482/113783/250807/74864/265870/253123/113392/230912/104753/278542/91825/343059/177985/348621/455860/115166/272410/97463/393696/91903/235127/90411/302525/74808/512357
https://www.youtube.com/watch?v=V_IpiyByOSk,1080,20240715025234,721498/283943/607866/417183/452128/564295/234818/418246/293341/332049/665855/329196/46891/500207/257882/202874/183719/205004/220474/191639/272500/220764/52249/86825/189467/183928/47312/174662/44599/199322/74305/221808/172048/26769/161995/20161/207755/76907/207807/49936/172034/39712/31698/189057/26915/182598/29861/25216/200504/99117/356324/146505/441197/301485/90084/130688/205670/138077/277077/334051/275100
https://www.youtube.com/watch?v=6V3kaRhlXsE,1080,20240715025757,779940/536058/392424/396551/385801/379246/384351/379402/366706/381073/373669/359756/373129/375437/385456/387149/399959/371298/388859/381422/371750/393948/123383/257348/141650/249494/121841/254593/140212/250054/120069/267469/116775/251195/138043/255067/120057/271579/123365/251383/124314/247179/117730/266761/123670/255982/122218/278751/118440/255574/131709/255902/118972/251406/123754/254550/124195/260158/143029/251415/121454
https://www.youtube.com/watch?v=z6ZCEwl603o,1080,20240715030320,675367/648474/540353/284340/332046/311185/436729/133882/634514/239914/109520/548743/380650/48701/238590/323191/535009/604748/603251/493621/323988/50269/213638/107344/315163/216886/319822/215380/75761/197855/129490/204159/86060/236974/102858/282530/192720/267432/298725/116716/193872/105196/238742/122835/210455/233914/117485/245978/198405/108522/165983/181812/334503/158089/246351/152669
https://www.youtube.com/watch?v=dJaUeEwfD9M,1080,20240715030841,683955/517714/380413/377710/369081/375878/375383/383162/401835/371062/390356/382638/393963/364910/377654/362485/382990/378713/368238/388273/375338/394709/123592/255236/121994/278236/115706/246630/122519/253761/118631/251515/120799/272414/126459/335009/181458/330729/183328/342493/159343/310635/212966/290393/100872/246128/153092/271753/225309/317796/170712/360818/143692/221255/93226
https://www.youtube.com/watch?v=SSFU05yH_dg,1080,20240715031414,579244/244475/357330/327844/166107/676322/482270/387161/521665/578082/280603/660177/442662/414399/133198/625086/107212/435780/511289/342248/147499/167099/89419/183303/67344/236464/184351/99840/128561/217066/259897/74539/345288/163748/311145/267205/196110/183978/197432/118653/209199/252567/266436/259563/266105/97151/266124/108314/292957/274609/126885/321339/223567/255040/264602/74252
https://www.youtube.com/watch?v=RY-QQPREuQA,1080,20240715031934,1041792/522960/134602/387630/557512/215310/295441/133933/487427/658827/625192/390159/147525/515897/365371/378310/137598/438676/171224/320875/218204/727060/192718/252366/158544/342154/191795/343284/55405/219990/248074/258721/408330/70325/303463/222491/65460/140359/259636/185144/260779/195324/294594/102164/292299/260216/270323/121268/344260/208676/308056/94742/232096/207353/120722/240500/148209/299261
https://www.youtube.com/watch?v=5iuInvl8sjY,1080,20240715032459,630464/440689/317936/300364/309435/330977/307988/239073/94965/247085/403893/478013/334549/345920/321781/321803/316103/337963/485216/183212/494787/242494/107411/227458/98584/240546/302840/244172/91847/246603/83345/238008/216189/102139/205612/103836/234125/61086/247337/96813/240129/97346/244616/210615/87456/98822/234342/233923/70475/239155/74597/241230/93773/210122/83373
https://www.youtube.com/watch?v=Yy3ojjB5s3k,1080,20240715033024,748931/346971/226340/381642/352278/390162/613151/417983/424672/294258/243728/93829/532277/217946/591841/93442/448795/399973/327091/421328/511581/432394/366203/172859/268392/233853/119253/301672/348031/170989/411027/184707/314452/319534/180157/354595/188156/357940/365729/375031/215061/379746/157799/319624/146086/384830/169319/384794/383122/242299/318662/177068/329312/304206/179374/217923
https://www.youtube.com/watch?v=8cqrUKMEqXs,1080,20240715033550,689764/371462/355568/455046/515335/289866/256737/671137/175952/670900/544484/627502/564926/642964/691670/279917/524357/607895/329833/598189/394631/313181/243075/155874/303209/107268/461599/331499/281806/266109/257920/263871/415519/272623/427067/311799/232190/286233/167614/183715/366220/363667/186602/303858/120942/351695/388021/86585/175269/163694/89817/39577/263918/222924/45552/100160/218966/183786
https://www.youtube.com/watch?v=j91jUdZjjx4,1080,20240715034116,617648/467086/330749/315226/319127/242294/227558/92816/413890/476348/302231/323732/298833/328411/300160/327775/376906/509834/315209/242990/110474/86957/213679/216180/112203/234987/75129/104901/224505/244216/66405/222967/91284/204542/113046/218795/80619/102098/242866/244677/67567/209726/91060/235334/104495/271405/212541/81087/101927/245855/218461/112180/244027/72650/226640/113554/229055/96563/255499
https://www.youtube.com/watch?v=uLaFJxpOoTk,1080,20240715034640,504313/416054/284009/198521/261363/285396/280250/221445/66668/296910/353858/415561/258540/288875/362466/417024/215271/74464/424588/282385/287161/62870/214345/64952/214314/79499/210886/76956/207332/195099/81140/223389/86850/217998/215783/58153/210166/56492/194416/79940/224778/72058/206544/77133/214650/68279/211329/198130/75083/191384/78217/199824/79339/210919/221038/74207/212095
https://www.youtube.com/watch?v=gA0sGLezj-Y,1080,20240716094734,712587/139590/383610/248006/342641/245692/307684/318755/94553/456483/105617/227894/331952/305773/329739/333529/504040/421466/241101/99356/335267/232560/309450/83937/248123/62780/263969/107863/239896/235192/88510/245459/64731/252473/65155/342086/177694/355131/451354/112054/276642/97725/393666/93557/227427/87082/139809/235183/355245/233000/427191/168627/231086/85093
https://www.youtube.com/watch?v=yEAr_87on5w,1080,20240716095331,697256/511654/374574/364075/383940/367849/380926/364931/113585/362363/265673/367436/120394/380298/248372/374724/250798/110162/375351/375927/350168/124698/357934/363265/365121/254191/110180/252711/113176/308778/128325/353233/158032/311649/192251/323683/151497/327610/227634/229716/98405/267404/140072/275854/231320/281797/180390/383143/123176/175907/49225
https://www.youtube.com/watch?v=6Qa-oJEc1Oc,1080,20240716095854,870868/263273/555350/453043/618010/914439/676200/436627/729946/587587/50823/447621/860758/717940/419192/359254/424833/143155/408549/111290/456474/361721/145012/366572/34000/60156/247775/249048/387997/253076/104874/335972/280549/356273/290231/209882/239788/239237/392044/257148/400221/369389/270849/449222/307295/461459/214656/87945/234100/149760/265835/198027/50700/172233/63019/188455/151387/242224/124397
https://www.youtube.com/watch?v=i-DXtdxNJdg,1080,20240716100420,617157/230196/410920/267566/136775/562431/359570/419811/392863/254039/140356/524697/386825/387848/137352/543135/290798/139525/426032/411053/473935/240341/565808/281762/133720/229105/111448/433308/202522/453215/280755/93416/256094/246848/206498/86139/249881/142330/234020/354909/233270/264623/323704/124712/107003
https://www.youtube.com/watch?v=lJk9VxRiKbQ,1080,20240716100959,1175532/694830/241217/247919/30961
https://www.youtube.com/watch?v=2OxFM-bPMis,1080,20240716101107,755056/476222/237728/312917/286341/481994/466424/99079/190728/253680/98634/311816/314114/129300/542436/525824/192651/451573/448673/219093/548767/52498/253000/219394/38998/278686/56771/287064/252316/102668/177116/80601/206162/40557/198051/134078/253365/105611/313074/71282/151079/254930/108168/305224/111618/330275/281348/209457/315972/201244/293163/182177/315116/311130/131977/359931/211486/324907/120210/338296/153289
https://www.youtube.com/watch?v=2P7qdLxExfQ,1080,20240716101635,666430/264906/988/368737/381406/369556/372499/383711/381084/368347/371378/374291/372842/393315/377121/394675/369901/254591/382339/117212/359325/361103/366080/257083/123606/254347/112412/248080/124673/247346/126471/248476/115795/306736/128771/354579/154794/310335/193217/325204/144606/322932/228473/232192/97297/264902/140232/279062/235356/282208/179524/381626/118818/178038/49727
https://www.youtube.com/watch?v=HdsKf_Ibmek,1080,20240716102222,793547/343346/275397/196422/498676/601329/366519/357454/533872/332090/295916/332097/288024/255054/74268/531861/307138/104619/452325/210120/355568/417555/403243/266995/305176/180539/335111/292701/122006/260248/125768/267163/126999/254959/249301/223068/204863/207438/144980/191403/36291/311344/152932/269405/230279/119095/325861/155590/327710/60408/268190/220167/164197/316751/74271/296399/67724/370317/165911
https://www.youtube.com/watch?v=s_QN-5HiyiE,1080,20240716102746,774256/549834/120889/386767/258814/126173/265555/401330/395015/378345/400910/380563/400448/379544/407735/390938/144651/261134/385124/373933/406725/272299/120917/533164/186457/378169/539369/164686/365223/147917/278557/73171/332526/115321/374830/187716/336633/195569/324025/133280/148392
https://www.youtube.com/watch?v=bg31g1Xxoz8,1080,20240716103310,704388/398793/296886/89472/497484/679618/734753/483588/437530/525537/330945/32823/66248/919288/444729/215111/255618/56029/331638/265481/87020/232898/580014/68550/358806/137475/435049/231477/280190/141981/294436/291820/131942/248827/92346/250684/165465/352376/291467/190990/236587/94757/168172/153990/270307/107958/276231/122703/231403/252846/88448/172137/332783/219005/82406/227734/216064/120067
https://www.youtube.com/watch?v=CoUydt1NIV8,1080,20240716103831,722709/520158/386469/377934/371847/382312/356429/364029/364451/130422/358228/366430/357838/373289/377127/348065/371096/378395/360400/413089/505312/522210/355815/173026/300273/192700/316490/102825/225834/148893/278964/192186/355153/157508/338299/188318/226563/121896
https://www.youtube.com/watch?v=HK05059rJIg,1080,20240716104400,539140/462683/303661/422241/137317/460668/363274/229994/173233/649508/109062/567014/307676/402066/599395/673611/541246/419055/525806/618142/197484/410682/221351/370194/131262/407957/278117/221711/119367/346642/185081/340976/352286/183193/405713/136392/379287/296864/147164/174624/301651/268512/82915/233309/305820/279263/116784/188906/283518/163681/279904/179770/285065/206598/336613/192716/298195/186060
https://www.youtube.com/watch?v=R5uO884_K5g,1080,20240716104930,664903/457820/366460/334199/243819/343045/332071/362653/487461/331473/74259/239951/108420/291919/333189/322689/339784/532908/106494/348634/583577/321756/232496/81765/251383/92107/248451/232399/77631/206338/121988/244661/95215/225233/77885/215704/116190/248425/114270/214822/88254/243709/224374/113893/255517/76325/239672/105220/250090/106717/258232/230519/116254/246041/249806/91759
https://www.youtube.com/watch?v=9kpy9uVo5U8,1080,20240716105457,898504/458470/273162/237399/159879/31006/91856/162100/604664/461551/290496/290601/198171/254950/428565/489492/162065/258253/89946/165589/121330/307172/187338/284792/195316/66608/245120/330633/52929/157197/54839/168042/59437/167158/168493/75750/188323/34717/220588/41809/251654/97223/295177/89160/334195/396842/172438/364667/341501/123321/323179/132551/290031/148197/306296/143903/244177/117856/231063/92620/258703/172304/336300/126972/165983
https://www.youtube.com/watch?v=j9dUn9s8n28,1080,20240716110055,596534/424411/113527/518480/181098/486454/320320/333195/239518/95769/348308/501789/324783/231905/83744/345819/481609/101834/261695/252717/87196/331757/361244/229821/257545/110976/246429/254837/108262/217102/75921/242826/113279/227751/256163/93822/249738/77918/234722/113343/239124/60745/224462/98718/215543/93654/245557/117128/255328/239334/109767/204346/94624/276792/229266/181675/335577/196536
https://www.youtube.com/watch?v=9VzlgNhKQO4,1080,20240716110619,801123/144231/379582/314448/305830/301468/151556/296636/457784/401071/364314/369343/347319/258838/283462/213011/80708/353132/546652/307114/388683/344260/122512/123058/381442/379615/146760/258939/108799/140647/317786/139361/215338/63864/202968/115446/198098/91610/218298/136970/306156/109092/332864/136088/296869/142923/307603/240119/104040/95589/286786/153278/183934/394080/191285/340512/258999/198073/317878/185535/297769/271123/137399/346381/144598
https://www.youtube.com/watch?v=IPqsjigs47g,1080,20240716111152,980/598732/370863/98420/302160/330841/320241/245727/85448/469374/316924/335368/311599/341403/314896/318400/241377/86784/236120/92958/309477/236749/88962/359366/475614/118834/255614/226677/181952/335881/201548/453776/267684/118331/255686/234863/90491/238018/250353/136553/89901/513051/233475/231312/346308/124352/100223
https://www.youtube.com/watch?v=EHzH3UfaoJ0,1080,20240716111728,465648/351255/256540/405810/249260/166452/108511/157062/233705/227001/284690/385277/80476/25509/300363/999/1356117/1046969/745015/119652/161542/185675/558238/179279/285009/263721/80982/225540/43774/249301/60754/370066/118541/297333/161974/316700/348591/119247/264552/150258/317491/166556/248582/92813/218909/118491/176297/257181/249530/246491/88725/242202/74900
https://www.youtube.com/watch?v=oBNA8GVBx60,1080,20240716112256,784198/552963/144276/280407/431691/157022/402753/389362/399402/267113/401575/398103/406817/413008/150226/398526/269268/137380/397287/273832/403455/422728/400165/418208/396550/402545/133423/273424/139037/267869/132051/269003/142839/263339/128853/268249/126913/271632/129350/286936/120513/260980/126300/316961/141281/348263/175161/338132/192077/324643/122313/323367/199107/238657/72095/298656/130252/308555/226040
https://www.youtube.com/watch?v=AB4r5cRZM30,1080,20240716112819,581923/458622/237952/195291/20726/253720/249793/265590/287790/139753/411970/38810/240774/86718/545030/621643/310349/212751/151131/265639/356929/250514/194584/421371/371262/203961/86281/346552/181256/316539/264134/47472/164123/287542/231032/175974/295552/167861/302898/385579/449304/116271/307691/332362/169960/252643/245895/30877/348384/240083/272111/168113/276832/248340/263349/181565/355344/154180/339935/155195
https://www.youtube.com/watch?v=MpnrF1dtj5I,1080,20240716113413,703082/264755/629335/125567/391237/379599/392342/388663/383929/289113/483279/176257/523919/518044/513952/294596/348349/156901/488378/322559/522199/155841/322494
https://www.youtube.com/watch?v=Jkef6KxXQW0,1080,20240716113831,446586/423282/98584/541738/482200/394542/364870/431309/106835/331845/486924/536817/78202/206451/216828/249169/337822/290267/302539/380128/460274/288504/105127/377746/221679/65333/207679/240563/72292/205904/37441/220671/54035/203180/226888/59271/250653/110121/254934/226682/310796/80957/257019/92200/220399/67091/118381/210356/125124/233124/270923/143185/264631/211056/83800/260236/68756/195460
https://www.youtube.com/watch?v=Eo-Sq6FkaWc,1080,20240716114402,758892/545578/137966/287430/377780/260322/123651/407202/379019/391948/1005/771410/510032/383790/392849/377764/392153/945867/671608/390595/272637/147424/308612/186107/329634/968976/180624/352742/83006/222043/131776/289698/152150/382815/153420/324193/217026/241213/100420/43497
https://www.youtube.com/watch?v=PFiEOmnqF1w,1080,20240716114941,454565/685472/435763/544177/405804/347121/362180/519448/430496/420729/348835/156077/336670/382225/531537/363514/357699/258517/108530/511663/385170/288618/107924/362170/205060/289483/272881/111164/293065/187302/308371/109083/270370/115136/355964/111000/236626/54929/230930/77941/210221/58899/201362/52705/239361/60621/165251/72856/169636/80678/302579/78151/252891/115817/234043/194024/238545/378876/231973
https://www.youtube.com/watch?v=oO0-gmj5xKw,1080,20240716115508,558143/229688/532473/95133/250893/107424/998/788279/85702/344019/329690/83500/491719/76807/240956/94036/238645/311226/233505/100981/99421/440395/834100/1090146/631267/1104763/1169470/376629
https://www.youtube.com/watch?v=Apoa4i7PQak,1080,20240716120120,1201203/491355/974/633047/602917/259706/1629176/1500121/1551750/1556181/1094412/1003673/777675/422907/292419/274869/1492331/1676165/1516138/1616822/1212910/1548737
https://www.youtube.com/watch?v=VJxc6fTxnww,1080,20240716120716,563631/195588/406778/28601/239009/69077/223428/133469/240564/177520/250527/323363/299177/237841/394935/273566/423699/325422/515813/309486/104223/348038/451645/477821/285508/129906/303225/406093/405620/146587/243026/283151/148321/293037/328048/240581/216457/277585/103242/259416/258812/76000/268535/285003/91408/233843/113406/251677/125481/253867/250259/88062/283443/115762/256015/229890/91412/221817/67923/37504/36315
https://www.youtube.com/watch?v=1fe7m4rvfu8,1080,20240716121304,536499/363989/279031/286603/292474/290495/427993/328454/421832/265356/143449/430075/272613/283249/205138/75132/416863/82999/341953/427911/85042/220762/207111/79333/209745/76252/217080/197945/65848/80888/201933/214361/83856/207249/190704/79111/218678/74158/202915/76428/220184/202853/82489/190614/73665/204723/83243/200491/84233/215052/205226/75273/203457/72925
https://www.youtube.com/watch?v=O3WmdJoya1A,1080,20240716121839,680311/238059/463475/575878/117697/393118/240815/80923/576881/120422/450484/167541/472392/331828/214418/562800/361308/302795/84195/363676/318135/259403/247755/97865/243846/227599/77735/236632/77191/317923/306296/92319/291117/75011/268424/202012/97725/229217/106487/229162/65606/239551/119568/321306/157165/209693/56941/105684/46967/133403/334879/364359/213746/374312/339833/243017/315180/242072/349389/288709
https://www.youtube.com/watch?v=KtG_8VVvnic,1080,20240716122410,655700/509214/335655/240814/252609/185582/374193/481978/249232/87026/347382/328517/461172/89817/108949/454467/112521/315759/250625/356013/330817/362099/480171/95941/247872/82955/254784/227507/131568/235434/92613/263778/69948/241790/123934/253306/215341/100659/248580/108275/251061/209162/103392/213792/93835/241403/104347/226121/83110/225160/113649/216816/92010/211392/84551/257720/113217/241952/81897
https://www.youtube.com/watch?v=rhUUvubG35E,1080,20240716122936,858063/471556/204551/654242/423397/344279/310201/246601/236089/450235/415355/344837/153353/711342/384705/261589/265999/136347/246415/349682/374802/328472/613900/462898/286007/174672/335202/331659/124063/317417/170853/311203/81051/218843/231505/199358/260515/198114/100276/302637/141238/217321/236355/40065/179357/46531/291535/232250/65112/89105/340410/263629/54624/213473/50966/190807/65629/173019/115135/243775/242921
https://www.youtube.com/watch?v=BgZaDEiwocA,1080,20240716123505,674617/558630/129451/391178/397677/420714/391906/414815/263351/407031/385266/403957/388517/399979/396988/123506/261681/391569/125830/401379/263808/388348/407140/389004/143177/262006/124756/286611/129622/257588/145529/267629/134781/267625/136951/288680/134761/282265/163492/327610/199140/341861/199021/363744/170838/303517/162675/383849/69813/263377/131914/306781/136030/388376/139847/335973/237148/250765/106508/60034
https://www.youtube.com/watch?v=gr_X3PDommo,1080,20240716124039,601972/426365/98951/266700/377394/496988/273982/260619/254115/348589/817570/368555/234695/241662/207472/902430/660430/428656/215941/713124/575037/298778/336274/180702/289003/149082/270411/257704/379010/103546/198346/137403/342552/208399/249632/208838/86156/222594/387583/119169/214718/138703/123200/221854/172825/311794/344084/267335/323078/381269/167039/270218/290597/167944/310015/304327/191500
https://www.youtube.com/watch?v=Ua8_YGrUJXQ,1080,20240716124600,1017071/362535/827050/253291/289896
https://www.youtube.com/watch?v=6AQ-fqERV7I,1080,20240716124719,1076741
https://www.youtube.com/watch?v=lslwf3kfE8I,1080,20240716124802,518539/357846/73582/287896/274165/299844/425008/132113/418522/212754/84099/291314/278325/284094/488105/283418/84099/424166/88232/220237/64684/294499/221019/216427/64938/77563/223148/231460/77405/191990/82726/204124/68648/234897/69469/204791/66789/220384/80350/209308/78031/225742/209393/79844/217202/212346/75584/226989/136948/306327/161357/325744/86242/256216/97386/286928/65799/209292/75145/295033/63820/365055
https://www.youtube.com/watch?v=6ckl5jY2uxg,1080,20240716125332,690729/140495/367379/90016/229128/93354/437623/298172/211661/413026/193312/658046/142722/596833/117308/444761/695968/315630/410073/211800/44294/240670/139963/539190/104756/431121/147455/168429/164414/262147/148896/346461/115255/359868/222465/325322/239975/425794/262773/193289/359096/238135/328980/289257/192903/273073/137676/210233/368684/306558/159486/404745/91023/221150/67827/387327/169327/282952/160572/187109/81492/344101
https://www.youtube.com/watch?v=_eXbddTt6vE,1080,20240716125859,719991/541875/370977/390926/393238/407997/368992/368325/393401/408137/467173/514490/535895/472398/506438/347949/426763/221689/488226/359283/363181/96641
https://www.youtube.com/watch?v=lYPwbItPdC8,1080,20240716130301,555891/377914/249656/252876/241968/237408/228717/213660/377574/332494/329021/344397/417680/350937/305514/311155/291999/331955/340359/321418/343333/350754/110757/243465/94723/222960/89878/234871/104960/241835/106974/225934/110134/225276/67674/201747/94376/253677/93317/204322/116172/230987/99459/238529/110824/276469/102559/245171/84902/225710/104981/218488/89485/229120/115021/240589/90466/239018/107726/250967/103003
https://www.youtube.com/watch?v=CgiuzacJTE4,1080,20240716130827,631217/432794/268083/484085/346574/231554/94830/250246/302058/234803/306258/663236/258488/169403/239014/197177/60542/244531/322388/372868/145065/425290/36980/83892/273879/207762/91117/169171/142989/89387/224975/212457/216367/423545/130339/345272/161722/299688/175787/215105/181080/325140/86769/210090/76605/66169/382934/279353/159682/170411/285478/231664/192046/335737/39243/239478/240951/104229/251609
https://www.youtube.com/watch?v=eQqMj7uusqE,1080,20240716131351,729454/528607/386356/386415/119692/366365/371370/391797/372255/392744/373497/387360/386158/395748/370884/379316/369043/391539/379262/380236/371875/383266/251218/118288/272523/112742/240872/129553/247134/117299/250905/116156/246570/118968/272605/118770/249664/115885/271302/112276/251547/111345/264481/114590/247125/112182/261336/100857/299590/170111/336297/171673/350093/197668/323775/153232/348748/152972/259799/66707/313703/111715
https://www.youtube.com/watch?v=m1tuDl5PZRk,1080,20240716131913,496652/409584/259926/369866/419163/437889/470424/345265/402218/112077/633273/560192/530357/296512/526478/589658/722430/596658/234817/254826/175091/288680/248631/136054/358570/238001/320442/221213/340002/303906/114342/326444/204345/298703/192245/247883/213780/118478/170350/289108/298939/169787/385058/209413/407240/219841/242546/127526/262789/57529/334466/124165/309645/198403/246524
https://www.youtube.com/watch?v=baqs9clm_nE,1080,20240716132435,666640/506910/381760/367827/385620/374078/389975/366793/365971/372159/366910/351712/361173/353481/363332/365894/389598/361963/377011/366652/376375/389169/135976/249188/114857/252933/115676/254590/117853/260135/114701/249901/113887/267920/116147/253491/117155/251032/131809/247699/108112/266795/111934/251159/130280/264164/112963/260845/135540/253957/106846/255537/104928/254753/114447/265461/120030/254067/118016/266705
https://www.youtube.com/watch?v=CKB0xLpA-Z4,1080,20240716133000,424560/181741/198268/194506/251416/208649/337171/474371/279108/330089/338124/488415/614474/190738/591418/281746/391362/583621/386337/1004866/472495/43351/181740/117182/274639/191845/143222/276869/119880/346690/309109/124128/230332/56207/268898/236710/251681/233535/251795/282998/153246/173751/293579/111408/229031/317223/141427/353697/158565/264988/95571/297639/279961
https://www.youtube.com/watch?v=bj3viNiMtUY,1080,20240716133524,519631/287111/432730/319331/309890/296771/285507/310601/447848/345938/299528/299281/272185/279933/282286/89641/441237/291576/300714/283444/223276/77629/223726/215415/80268/217778/90003/200685/76680/217750/209641/75566/214114/90363/202461/89524/230414/223329/65286/231852/53243/139569/310966/164221/338254/249679/101915/259350/127000/225687/48104/237442/141476/222132/208981/219036/190635/300786
https://www.youtube.com/watch?v=xynmqVUX1cA,1080,20240716134054,437106/374573/93146/359175/79521/526532/265052/252485/268553/381930/63385/283669/466271/350520/491509/428478/487387/316013/355563/310600/127863/527097/57419/60232/348353/187498/332355/332568/197588/344462/243448/39485/230537/210772/264068/200614/390222/224538/358462/378291/179118/314893/186021/320128/373915/175673/389759/177456/356715/214791/223886/217978/184987/276481/93382/333394
https://www.youtube.com/watch?v=BJTivahjDko,1080,20240716134618,815734/532875/381619/387515/382455/378753/396991/381294/383176/387475/382950/407275/390268/396623/381125/397310/368471/377760/376237/387613/377912/404971/141103/316141/174837/334622/182725/357115/170047/278676/176187/341049/91342/226869/145033/294302/160678/381319/148351/332861/195875/239202/133211
https://www.youtube.com/watch?v=JTTvcqb57-U,1080,20240716135223,748926/441494/267478/175553/430466/581312/1001/1253995/595770/550442/182862/37417/243694/315162/116263/1013401/344872/359306/99604/403192/393851/561275/173670/80401/235132/93780/31727/690835/239727/347709/262546/206943/566192/325964/203808/333543/344047/1239416/885895/354376
https://www.youtube.com/watch?v=q84dPFpIcOs,1080,20240716135923,740047/660487/386043/369636/913248/780951/227695/249769/114518/263532/854122/907864/497164/896688/736779/611102/115438/254706/111031/246041/113634/271812/255718/117708/119072/266961/103047/250452/119174/254038/119831/268632/122516/371483/389147/247949/123280/247466/115275/725276/275194/122712/253641/124951/380530/369978
https://www.youtube.com/watch?v=BADKKXvka40,1080,20240716140521,801137/228301/235469/161775/378712/280221/248624/282631/47880/194673/607094/621043/222087/99426/594133/1250154/908496/680442/560838/401660/298539/413384/185397/21040/28906/192306/243285/149901/274036/103090/273525/57995/267220/52121/187266/38565/165560/201135/71392/186057/76102/516994/202989/285942/74288/225947/222427/93669/262313/106390/227087/80860/223163
https://www.youtube.com/watch?v=inWEyNMc_L4,1080,20240716141113,1097044
https://www.youtube.com/watch?v=6b3C0HHBZRM,1080,20240716141238,706286/511694/394614/1007/881384/631787/111274/250177/124611/242541/106531/261124/493586/622756/508623/378369/244301/379313/885095/865380/457812/726510/365161/110864/271246/111581/250584/130590/247428/116317/291383/131526/344024/156041/317861/184023/344652/161095/311862/221748/274698/104112/262991/145921/274059/223132/306527/173973/364710/132601/214724/85556
https://www.youtube.com/watch?v=qQXjBFQ6Bts,1080,20240716141855,851992/545229/114250/352624/198284/41179/432671/457141/494526/477823/619405/437331/184335/430314/615118/243950/332530/567121/452270/154588/646361/451152/545332/114378/246088/119382/227033/129605/253478/174042/258925/97081/218117/208524/83981/224125/74888/207515/72354/191201/208164/91384/193623/45467/217108/66737/216394/88498/170509/89219/197234/93720/173350/116148/195275/104680/228402/233540/91719
https://www.youtube.com/watch?v=f-NSWPycnU8,1080,20240716142419,754102/548700/393575/400419/404752/391786/125987/381875/253422/400438/387385/403249/388741/399494/388100/393025/391911/386966/384091/378659/383704/389247/375383/123273/256608/137167/263160/126757/277549/126129/255064/127965/259148/124658/261014/120732/258886/133024/268435/134378/270251/141700/284111/157815/352054/168255/337418/200274/352890/174493/318471/236007/277334/114924/264607/155085/280830/227810/310259/188829/380435/132119
https://www.youtube.com/watch?v=P4bKTZEjrn8,1080,20240716142946,1154987/747885/361503/484925/605494/454848/437953/452796/509482/331850/221053/276037/65684/573235/161478/380877/658602/240026/108044/201742/220918/80555/152760/413174/264821/143550/285395/246591/305279/85953/320714/105219/385767/227164/104308/120048/260011/235911/82440/198005/87309/307041/82766/243630/51489/259762/63317/334447/184366/214836/119431/201781/86901/256969/247221/81403/282271/104202/306721/115166/300817/52473/237527/116763
https://www.youtube.com/watch?v=zV83vuBpPp4,1080,20240716143511,712537/548046/376960/399619/125585/258049/400048/122810/647118/395408/384526/141934/390797/403051/380579/402027/373425/383893/373152/374636/384993/389627/249540/116398/277096/119654/254787/127420/260508/126143/255807/128541/256769/123748/262793/137220/256659/119314/275787/120124/254437/378316/115726/269860/125690/259412/125841/248388/120239/253100/134574/258355/120157/273502/123732/255313/124135/276150/114414/261414/125999/260161/126676
https://www.youtube.com/watch?v=EVNKBo0SEkw,1080,20240716144047,950857/400544/192402/320342/527990/487861/367643/317202/370957/408569/1000205/735803/464708/657940/301417/184505/515281/398244/262294/345396/342934/512349/90202/247354/83738/261380/247557/82126/220290/100828/209884/59239/187615/54970/197015/185285/77677/218174/75799/265542/141460/230348/73966/232934/136522/270322/286635/157043/272171/110965/231836/100502/251015/115288/204222/151182/264005/243914
https://www.youtube.com/watch?v=U1THnFSGwBE,1080,20240716144631,635475/379344/88401/115147/498501/100089/456257/77385/74792/333819/456562/81968/231664/313508/94922/241183/116391/365808/227425/255134/302371/90817/320720/95299/454480/82266/320359/364453/248592/211476/105903/982/227525/73701/116399/217852/210596/105443/243495/104714/208600/94356/230904/70550/122006/218527/109214/218061/236524/83909/239750/104415/246992/103984/250256/235476/72376/208891/112335/223871/76573/247863/89140/228042/103822/241304
https://www.youtube.com/watch?v=Va_iMKYVb_4,1080,20240716145202,1080075/422469/315350/580967/138890/277694/380735/532155/612627/362684/297014/361805/355615/585029/663051/572091/533223/342273/231489/347925/424283/292115/153326/294781/167322/307750/314206/204340/314618/173539/286608/166682/305336/182165/324919/183825/321098/361115/196645/348523/192500/380212/198291/352668/178106/307155/198890/315161/394118/184028/324592/206816/296861/204844/345119/222156/321414/323277
https://www.youtube.com/watch?v=YDAO1iylsX0,1080,20240716145733,753201/522996/115201/368714/361028/372753/371785/384545/377446/373212/373538/386324/359246/354065/370054/363445/377968/372699/395067/368891/393014/363015/249720/120886/260397/141048/296787/192824/324076/171593/347468/158351/297486/161448/370733/68090/252245/126763/293530/132786/404904/133326/327265/217900/253450/104261/49291
https://www.youtube.com/watch?v=bBUmrPwPCmY,1080,20240716150301,578697/521835/117093/573167/452491/235323/323525/170004/490709/483717/531912/592069/517944/301240/472491/419240/235707/436561/380140/307494/662035/448839/28078/181959/17954/281272/136591/265545/73015/280321/82203/337585/148558/273316/116370/340893/257897/172832/276975/133783/291692/170454/355434/163040/331222/262362/152299/233801/168466/300674/118229/318447/73185/225613/96834/246178/124431/193237/211603
https://www.youtube.com/watch?v=-qV9n_BIZis,1080,20240716150829,778188/556247/420979/411103/430385/424735/398832/131805/398282/274348/412814/420406/411257/395958/406526/134835/423617/276543/130264/457296/347936/529514/571855/504149/212107/334401/112442/233402/164893/288629/208770/1189789/260241
https://www.youtube.com/watch?v=PEAendDH6U0,1080,20240716151344,925569/511151/259938/489932/479854/466826/460798/666059/394752/716668/521947/631331/168648/542999/625892/247472/214349/281990/434458/423071/426864/285564/125698/267114/207033/357812/309306/183212/351962/221340/347735/203506/320724/176026/269636/177715/304318/325079/172593/358036/214978/327253/202406/313551/192738/334376/257597/392446/301199/124678/284049/194064/332197/198103/337622/181695/313567
https://www.youtube.com/watch?v=JUdHMC_aGyg,1080,20240716151917,721792/520606/392507/392179/401139/371917/387777/381289/270974/117047/380223/120336/375410/381635/390640/391421/377917/405497/371662/397951/386430/386957/373954/275675/114032/255599/132884/262230/124633/269241/123669/253696/116818/279013/119401/261525/135117/252542/120199/252401/132772/254220/122291/257771/136753/247705/115627/271578/120052/255595/136188/256709/121975/262124/121529/250609/118825/258612/122829/255289/132056/262607/116398
https://www.youtube.com/watch?v=fy3EzmhEHTQ,1080,20240716152453,879372/461455/97395/480954/577324/596716/329301/132004/139381/465520/603687/411404/179385/491533/344716/103330/345032/525340/224633/447068/140501/424433/281695/196166/481791/120340/275964/61970/255923/128649/226127/50589/219458/95496/211954/94664/334982/136464/282106/304286/145384/309354/104556/259799/119710/276457/111451/277043/233666/78999/218987/309114/71912/284485/151346/228516/150594/265416/311380/221060
https://www.youtube.com/watch?v=whYhTm7n9VY,1080,20240716153019,710422/532107/368030/384578/380826/373707/393698/384877/129471/390601/375342/389853/378467/391240/371749/386997/370807/388683/382934/384615/381533/383986/261484/111051/256148/124967/264491/127226/261065/145123/264656/123690/264042/139842/248436/116786/274609/117123/255974/131310/253347/116889/252227/113989/248101/124941/259309/120383/251085/135316/257883/122082/272810/121820/255785/122625/256961/122848/272695/150129/303683
https://www.youtube.com/watch?v=E2Fuh6mdhtA,1080,20240716153551,898993/628836/436633/444591/463648/376964/305102/151011/620879/342803/465715/175928/647713/184949/593731/605055/595408/596474/389884/213016/753121/219554/598103/428040/294023/296086/158076/312008/320964/188386/312570/186113/303450/161687/335643/126578/214170/68160/214290/210541/150311/263060/179798/370149/226932/360247/209599/343422/338428/193144/328859/203441/379034/186266/344921/204503/400726/365631/211025
https://www.youtube.com/watch?v=FHM3QEqpMoQ,1080,20240716154124,749852/550845/128562/399842/269040/384555/402672/399084/415628/127783/385375/261781/383285/395477/394611/390806/131091/399823/258272/142532/394064/266087/404607/385818/382131/401637/125554/271901/127030/261641/125976/281599/124068/263961/140838/263227/129807/259765/149842/265215/130575/269208/126402/268248/126602/281859/124107/267348/139775/261108/126364/259338/123594/262262/126048/281559/127849/259706/127954/276061/123250/262315/141763/266146/131063
https://www.youtube.com/watch?v=T3DtOhg0LYE,1080,20240716154650,1037156/279032/371116/421698/243763/78617/169888/274322/251547/103740/231546/247568/271918/355970/71945/358867/347479/543750/676979/570644/401101/468701/339749/496060/369321/312866/101483/212829/56307/211665/104534/195074/62633/203820/84648/223533/55244/178304/36997/250049/74007/206612/60876/189660/76838/194405/34516/180456/48191/298577/127236/372865/59913/313351/107975/292364/65540/151267/244915/224200/115648/167677/226352/59460/245573
https://www.youtube.com/watch?v=U8DgT5fl23s,1080,20240716155223,727108/543451/382125/399366/392203/273676/387521/388023/387327/411262/387937/274567/382995/386096/124487/282331/508721/339148/216862/111033/386865/250451/120836/393581/259787/137886/257349/80776/199615/122727/259304/126158/265594/143064/263803/123879/262400/136397/232262/59490/241497/118911/254109/140914/223019/57817/251586/127529/261143/120667/258688/52383/211405/129244/258326/120460/262257/88368/195018/103320/279818/124040/259027/125763
https://www.youtube.com/watch?v=dXKu8WQ42vY,1080,20240716155754,734462/407977/550435/114254/327065/348044/119091/675288/391426/83858/391966/368126/278929/400823/489937/632513/458921/442057/357510/132717/727774/457864/217539/204995/162283/60159/172224/41520/167933/55452/179410/283839/161398/301860/124800/269728/254644/160511/292768/229165/116710/281184/136663/259644/142223/208137/88894/278925/301676/176997/297450/306198/105830/265700/99156
https://www.youtube.com/watch?v=pQL3YkVKApY,1080,20240716160331,646161/530536/375619/393269/390430/262725/359832/349306/355233/346080/365485/65617/291585/366683/241961/369634/364218/364766/53618/367810/376929/277250/353881/274695/108585/240615/67109/218509/111877/272591/121863/259116/90622/217797/106974/255272/122888/282971/100964/188420/79134/253120/112509/286422/136911/337626/182970/332371/188251/349024/164042/306146/210898/292243/105610/244872/156148/268549/222695/323103/169960/363930
https://www.youtube.com/watch?v=M-CZfAQ_yUY,1080,20240716160904,448753/403408/238167/211355/294836/413541/217730/189939/65533/273396/248193/244753/302424/259202/494781/298408/416892/309962/256498/235494/196662/49758/180735/47949/183943/194620/34204/54735/186085/40135/188768/62379/198896/198827/68496/187353/158805/269621/102448/262281/192021/342219/164007/240075/92673/201439/200464/123073/274237/176613/277630/93186/89164/284061/31524/168984/38760/307177/215562
https://www.youtube.com/watch?v=sJt1rpG9_BU,1080,20240716161432,655386/511480/384544/374062/393410/361935/395713/362248/365678/121676/249281/363114/128909/370444/391819/384948/252880/367350/396732/372346/138016/364813/372476/391618/251298/122205/255416/110976/258774/108713/244618/116029/258751/128763/257438/109877/248285/120720/265192/140867/304473/188454/330119/180717/349392/168703/280356/168962/356140/77750/229004/141845/292447/149479/378199/155096/321498/212581/245154/101339/46875
https://www.youtube.com/watch?v=k4PmKAYrAgg,1080,20240716162021,942384/409177/121560/427372/77273/299862/489001/648645/352486/608355/486997/532885/512815/446748/460899/416309/441952/414423/553960/372060/398313/138489/265409/174093/260520/234262/143734/266577/107106/232152/137635/391548/244741/361872/224336/306032/317001/203198/392364/236330/353308/141617/256215/134982/241001/207818/109939/227806/91448/245090/109453/219988/56889/225571/195825/90489
https://www.youtube.com/watch?v=wt1uzsZG6WE,1080,20240716162550,651404/264441/643631/383420/362785/381046/371056/356008/378897/119600/249119/396478/374449/991/896815/609747/365479/106556/274464/107735/248352/374961/113564/901868/290955/347949/171759/336428/195126/326656/122309/323996/197230/237048/69539/302398/131945/311588/220678/314121/163223/371218/112724/154068/47399
https://www.youtube.com/watch?v=QRPlC4oPJQs,1080,20240716163126,681990/530171/363758/386091/380068/390877/359823/373664/380459/346813/371208/383047/355597/373063/376180/358182/365440/378193/363405/382694/348101/389961/111142/251264/127840/241837/114618/243280/108183/255981/114739/248508/115265/264762/106833/245109/123482/243753/112256/254983/108870/246151/111935/256008/113704/254568/114616/241810/107693/262576/110711/251046/128220/255692/107764/264013/104142/253460/103695/264143/102678
https://www.youtube.com/watch?v=pkMn2rldATk,1080,20240716163649,1154853/561938/232769/610519/211746/770757/608725/611118/560162/575853/560907/545638/559255/1005/1096278/501676/613679/502129/155573/685926/507069/455196/298597/193888/209161/324970/339215/179994/332940/181128/364548/164063/268909/173328/302362/154504/328045/365442/252024/347929/144424/287978/200116/288979/142154/372342/304348/200803/355106/215060/258546/107090/292065/158571/288813/285712/144163
https://www.youtube.com/watch?v=s0MpP3EQQaI,1080,20240716164217,837015/560508/283349/413310/300242
https://www.youtube.com/watch?v=O58wopKfmtQ,1080,20240716164336,566877/375541/294646/236301/152111/449863/288642/164394/453885/93899/466913/324042/298385/230809/88990/292333/313846/528466/220894/65959/312005/515290/89527/238113/60817/228170/84769/224407/215328/97889/230735/90832/227188/81335/231658/224644/96861/207556/70645/91942/221598/217919/75583/229100/96610/234683/246891/89043/233163/74296/211736/81107/216822/85850/218676/99032/208431/87546
https://www.youtube.com/watch?v=OsV-3yEZ-f4,1080,20240716170543,672150/254094/392129/382444/374460/387323/360414/758576/374122/263382/119737/369087/367560/384962/359835/377734/251207/116127/274423/365257/392578/387830/514474/170850/337672/190287/311088/150103/369643/126530/261418/84715/317337/110849/383592/157600/323602/201005/299691/129237/111070
